{
    "cs": {
        "NaivOnArray": 1.0,
        "NaivLoopUnrollingTwo": 2.0,
        "NaivLoopUnrollingFour": 1.739123,
        "WinogradOriginal": 2.30120,
        "WinogradScaled": 3.00099945068359375,
        "StrassenNaiv": 1.01230,
        "StrassenWinograd": 3.0,
        "III.3 Sequential block": 3.912030,
        "III.4 Parallel Block": 3.2120,
        "III.5 Enhanced Parallel Block": 1.0029947757720947266,
        "IV.3 Sequential block": 2.031230,
        "IV.4 Parallel Block": 3.003999948501586914,
        "IV. 5 Enhanced Parallel Block": 4.0031023,
        "V.3 Sequential block": 2.01230,
        "V.4 Parallel Block": 2.3009942054748535156,
        "III.4 Parallel block": 4.19025373458862305,
        "IV.5 Enhanced Parallel Block": 4.00800633430480957
    },
    "py": {
        "NaivOnArray": 1.04124,
        "NaivLoopUnrollingTwo": 2.24210,
        "NaivLoopUnrollingFour": 1.239123,
        "WinogradOriginal": 2.421120,
        "WinogradScaled": 3.123099945068359375,
        "StrassenNaiv": 1.4121230,
        "StrassenWinograd": 3.123412,
        "III.3 Sequential block": 3.8312030,
        "III.4 Parallel Block": 3.2120,
        "III.5 Enhanced Parallel Block": 1.4124029947757720947266,
        "IV.3 Sequential block": 2.34131230,
        "IV.4 Parallel Block": 3.41203999948501586914,
        "IV. 5 Enhanced Parallel Block": 4.4031023,
        "V.3 Sequential block": 2.21230,
        "V.4 Parallel Block": 2.3123123054748535156,
        "III.4 Parallel block": 4.23025373458862305,
        "IV.5 Enhanced Parallel Block": 4.55800633430480957
    }
}