{
  "cs": {
    "NaivOnArray": 0.0002001,
    "NaivLoopUnrollingTwo": 0.0002922,
    "NaivLoopUnrollingFour": 0.0004557,
    "WinogradOriginal": 0.0003373,
    "WinogradScaled": 0.0006623,
    "StrassenNaiv": 0.0009051,
    "StrassenWinograd": 0.000969,
    "III.3 Sequential block": 0.0002492,
    "III.4 Parallel Block": 0.0022227,
    "III.5 Enhanced Parallel Block": 0.0022935,
    "IV.3 Sequential block": 0.0002426,
    "IV.4 Parallel Block": 0.0021396,
    "IV.5 Enhanced Parallel Block": 0.0023608,
    "V.3 Sequential block": 0.0002447,
    "V.4 Parallel Block": 0.002213
  },
  "py": {
    "NaivOnArray": 0.0,
    "NaivLoopUnrollingTwo": 0.0010001659393310547,
    "NaivLoopUnrollingFour": 0.0,
    "WinogradOriginal": 0.0010020732879638672,
    "WinogradScaled": 0.00099945068359375,
    "StrassenNaiv": 0.0005040168762207031,
    "StrassenWinograd": 0.0009970664978027344,
    "III.3 Sequential block": 0.0010001659393310547,
    "III.4 Parallel Block": 3.212,
    "III.5 Enhanced Parallel Block": 0.0010020732879638672,
    "IV.3 Sequential block": 2.3413123,
    "IV.4 Parallel Block": 0.000997304916381836,
    "IV.5 Enhanced Parallel Block": 0.002001523971557617,
    "V.3 Sequential block": 0.001003265380859375,
    "V.4 Parallel Block": 0.0010037422180175781,
    "IV.3 Sequential Block": 0.0010089874267578125,
    "III.4 Parallel block": 0.0020008087158203125
  }
}