{
    "cs": {
        "NaivOnArray": 1.0,
        "NaivLoopUnrollingTwo": 2.0,
        "NaivLoopUnrollingFour": 1.739123,
        "WinogradOriginal": 2.3012,
        "WinogradScaled": 3.0009994506835938,
        "StrassenNaiv": 1.0123,
        "StrassenWinograd": 3.0,
        "III.3 Sequential block": 3.91203,
        "III.4 Parallel Block": 3.212,
        "III.5 Enhanced Parallel Block": 1.0029947757720947,
        "IV.3 Sequential block": 2.03123,
        "IV.4 Parallel Block": 3.003999948501587,
        "IV.5 Enhanced Parallel Block": 4.0031023,
        "V.3 Sequential block": 2.0123,
        "V.4 Parallel Block": 2.3009942054748533
    },
    "py": {
        "NaivOnArray": 1498.4490768909454,
        "NaivLoopUnrollingTwo": 1087.2003877162933,
        "NaivLoopUnrollingFour": 1001.7046129703522,
        "WinogradOriginal": 1259.9026889801025,
        "WinogradScaled": 1217.836579322815,
        "StrassenNaiv": 700.6706519126892,
        "StrassenWinograd": 1.8738162517547607,
        "III.3 Sequential block": 2.006760835647583,
        "III.4 Parallel Block": 3.212,
        "III.5 Enhanced Parallel Block": 1.7227931022644043,
        "IV.3 Sequential block": 2.3413123,
        "IV.4 Parallel Block": 1.614234447479248,
        "IV.5 Enhanced Parallel Block": 1.6072399616241455,
        "V.3 Sequential block": 1.6096069812774658,
        "V.4 Parallel Block": 1.7076776027679443,
        "IV.3 Sequential Block": 910.1734325885773,
        "III.4 Parallel block": 2.0262975692749023
    }
}