{
  "cs": {
    "NaivOnArray": 0.0002001,
    "NaivLoopUnrollingTwo": 0.0002922,
    "NaivLoopUnrollingFour": 0.0004557,
    "WinogradOriginal": 0.0003373,
    "WinogradScaled": 0.0006623,
    "StrassenNaiv": 0.0011835,
    "StrassenWinograd": 0.0005787,
    "III.3 Sequential block": 0.0002492,
    "III.4 Parallel Block": 3.212,
    "III.5 Enhanced Parallel Block": 1.0029947757720947,
    "IV.3 Sequential block": 2.03123,
    "IV.4 Parallel Block": 3.003999948501587,
    "IV.5 Enhanced Parallel Block": 4.0031023,
    "V.3 Sequential block": 2.0123,
    "V.4 Parallel Block": 2.3009942054748533
  },
  "py": {
    "NaivOnArray": 0.0,
    "NaivLoopUnrollingTwo": 0.0010001659393310547,
    "NaivLoopUnrollingFour": 0.0,
    "WinogradOriginal": 0.0010020732879638672,
    "WinogradScaled": 0.00099945068359375,
    "StrassenNaiv": 0.0,
    "StrassenWinograd": 0.0009999275207519531,
    "III.3 Sequential block": 0.0010001659393310547,
    "III.4 Parallel Block": 3.212,
    "III.5 Enhanced Parallel Block": 0.0010020732879638672,
    "IV.3 Sequential block": 2.3413123,
    "IV.4 Parallel Block": 0.000997304916381836,
    "IV.5 Enhanced Parallel Block": 0.002001523971557617,
    "V.3 Sequential block": 0.001003265380859375,
    "V.4 Parallel Block": 0.0010037422180175781,
    "IV.3 Sequential Block": 0.0010089874267578125,
    "III.4 Parallel block": 0.0020008087158203125
  }
}