{
  "cs": {
    "NaivOnArray": 4.6739976,
    "NaivLoopUnrollingTwo": 3.2602611,
    "NaivLoopUnrollingFour": 3.1429354,
    "WinogradOriginal": 3.9657029,
    "WinogradScaled": 3.354232,
    "StrassenNaiv": 3.0151868,
    "StrassenWinograd": 5.0570615,
    "III.3 Sequential block": 5.4246753,
    "III.4 Parallel Block": 1.3758774,
    "III.5 Enhanced Parallel Block": 1.2700818,
    "IV.3 Sequential block": 5.4678248,
    "IV.4 Parallel Block": 1.2451342,
    "IV.5 Enhanced Parallel Block": 0.0015805,
    "V.3 Sequential block": 2.0123,
    "V.4 Parallel Block": 2.3009942054748533
  },
  "py": {
    "NaivOnArray": 178.35186958312988,
    "NaivLoopUnrollingTwo": 126.65997195243835,
    "NaivLoopUnrollingFour": 119.07999277114868,
    "WinogradOriginal": 147.5673861503601,
    "WinogradScaled": 136.9718656539917,
    "StrassenNaiv": 95.37078094482422,
    "StrassenWinograd": 95.04868960380554,
    "III.3 Sequential block": 109.3792736530304,
    "III.4 Parallel Block": 3.212,
    "III.5 Enhanced Parallel Block": 119.64293479919434,
    "IV.3 Sequential block": 2.3413123,
    "IV.4 Parallel Block": 116.28703594207764,
    "IV.5 Enhanced Parallel Block": 116.91400027275085,
    "V.3 Sequential block": 127.46155500411987,
    "V.4 Parallel Block": 136.18832755088806,
    "IV.3 Sequential Block": 111.49877619743347,
    "III.4 Parallel block": 120.67943167686462
  }
}