{
    "cs": {
        "NaivOnArray": 0.0074047,
        "NaivLoopUnrollingTwo": 0.0047007,
        "NaivLoopUnrollingFour": 0.0043341,
        "WinogradOriginal": 0.0047427,
        "WinogradScaled": 0.0048966,
        "StrassenNaiv": 0.0150057,
        "StrassenWinograd": 0.0161218,
        "III.3 Sequential block": 0.0096784,
        "III.4 Parallel Block": 0.0031141,
        "III.5 Enhanced Parallel Block": 0.0068967,
        "IV.3 Sequential block": 0.009712,
        "IV.4 Parallel Block": 0.0029843,
        "IV.5 Enhanced Parallel Block": 0.0029009,
        "V.3 Sequential block": 0.009986,
        "V.4 Parallel Block": 0.0041382
    },
    "py": {
        "NaivOnArray": 0.2962684631347656,
        "NaivLoopUnrollingTwo": 0.19024372100830078,
        "NaivLoopUnrollingFour": 0.17064595222473145,
        "WinogradOriginal": 0.19220185279846191,
        "WinogradScaled": 0.20320487022399902,
        "StrassenNaiv": 0.2592473030090332,
        "StrassenWinograd": 0.24080467224121094,
        "III.3 Sequential block": 0.19822406768798828,
        "III.4 Parallel Block": 3.212,
        "III.5 Enhanced Parallel Block": 0.20571017265319824,
        "IV.3 Sequential block": 2.3413123,
        "IV.4 Parallel Block": 0.20218801498413086,
        "IV.5 Enhanced Parallel Block": 0.2037191390991211,
        "V.3 Sequential block": 0.22075629234313965,
        "V.4 Parallel Block": 0.20967912673950195,
        "IV.3 Sequential Block": 0.19128036499023438,
        "III.4 Parallel block": 0.20418834686279297
    }
}