{
    "cs": {
        "NaivOnArray": 1.0,
        "NaivLoopUnrollingTwo": 2.0,
        "NaivLoopUnrollingFour": 1.739123,
        "WinogradOriginal": 2.3012,
        "WinogradScaled": 3.0009994506835938,
        "StrassenNaiv": 1.0123,
        "StrassenWinograd": 3.0,
        "III.3 Sequential block": 3.91203,
        "III.4 Parallel Block": 3.212,
        "III.5 Enhanced Parallel Block": 1.0029947757720947,
        "IV.3 Sequential block": 2.03123,
        "IV.4 Parallel Block": 3.003999948501587,
        "IV.5 Enhanced Parallel Block": 4.0031023,
        "V.3 Sequential block": 2.0123,
        "V.4 Parallel Block": 2.3009942054748533
    },
    "py": {
        "NaivOnArray": 0.0045087337493896484,
        "NaivLoopUnrollingTwo": 0.202622652053833,
        "NaivLoopUnrollingFour": 0.17819929122924805,
        "WinogradOriginal": 0.19820666313171387,
        "WinogradScaled": 0.20520782470703125,
        "StrassenNaiv": 0.2882671356201172,
        "StrassenWinograd": 0.27028656005859375,
        "III.3 Sequential block": 0.20419549942016602,
        "III.4 Parallel Block": 3.212,
        "III.5 Enhanced Parallel Block": 0.21173572540283203,
        "IV.3 Sequential block": 2.3413123,
        "IV.4 Parallel Block": 0.21374988555908203,
        "IV.5 Enhanced Parallel Block": 0.21241545677185059,
        "V.3 Sequential block": 0.21996045112609863,
        "V.4 Parallel Block": 0.22060918807983398,
        "IV.3 Sequential Block": 0.1952657699584961,
        "III.4 Parallel block": 0.2172069549560547
    }
}