{
  "cs": {
    "NaivOnArray": 0.5619217,
    "NaivLoopUnrollingTwo": 0.34862,
    "NaivLoopUnrollingFour": 0.3262531,
    "WinogradOriginal": 0.3582244,
    "WinogradScaled": 0.3536984,
    "StrassenNaiv": 0.4969509,
    "StrassenWinograd": 0.4907169,
    "III.3 Sequential block": 0.6287675,
    "III.4 Parallel Block": 0.148334,
    "III.5 Enhanced Parallel Block": 0.1469536,
    "IV.3 Sequential block": 0.6356355,
    "IV.4 Parallel Block": 0.1381271,
    "IV.5 Enhanced Parallel Block": 0.1394107,
    "V.3 Sequential block": 0.7319939,
    "V.4 Parallel Block": 0.1666502
  },
  "py": {
    "NaivOnArray": 19.702802658081055,
    "NaivLoopUnrollingTwo": 13.33518123626709,
    "NaivLoopUnrollingFour": 12.421964406967163,
    "WinogradOriginal": 13.62860894203186,
    "WinogradScaled": 13.558761358261108,
    "StrassenNaiv": 12.857542991638184,
    "StrassenWinograd": 12.544452905654907,
    "III.3 Sequential block": 13.028892993927002,
    "III.4 Parallel block": 14.094146966934204,
    "III.5 Enhanced Parallel Block": 14.168968915939331,
    "IV.3 Sequential Block": 13.326443433761597,
    "IV.4 Parallel Block": 13.830487966537476,
    "IV.5 Enhanced Parallel Block": 13.72178864479065,
    "V.3 Sequential block": 13.911941528320312,
    "V.4 Parallel Block": 14.886938095092773    
  }
}