{
  "cs": {
    "NaivOnArray": 0.0008797,
    "NaivLoopUnrollingTwo": 0.0005823,
    "NaivLoopUnrollingFour": 0.0005439,
    "WinogradOriginal": 0.0006063,
    "WinogradScaled": 0.0006763,
    "StrassenNaiv": 0.0015794,
    "StrassenWinograd": 0.0014753,
    "III.3 Sequential block": 0.0021142,
    "III.4 Parallel Block": 0.0022813,
    "III.5 Enhanced Parallel Block": 0.0022926,
    "IV.3 Sequential block": 0.0021383,
    "IV.4 Parallel Block": 0.0023301,
    "IV.5 Enhanced Parallel Block": 0.0017767,
    "V.3 Sequential block": 0.0022522,
    "V.4 Parallel Block": 0.0023899
  },
  "py": {
    "NaivOnArray": 0.03603863716125488,
    "NaivLoopUnrollingTwo": 0.024534225463867188,
    "NaivLoopUnrollingFour": 0.02109384536743164,
    "WinogradOriginal": 0.023020029067993164,
    "WinogradScaled": 0.02553725242614746,
    "StrassenNaiv": 0.035033464431762695,
    "StrassenWinograd": 0.036037445068359375,
    "III.3 Sequential block": 0.0240325927734375,
    "III.4 Parallel block": 0.02652764320373535,
    "III.5 Enhanced Parallel Block": 0.026535987854003906,
    "IV.3 Sequential Block": 0.02705073356628418,
    "IV.4 Parallel Block": 0.02753925323486328,
    "IV.5 Enhanced Parallel Block": 0.02655935287475586,
    "V.3 Sequential block": 0.02558112144470215,
    "V.4 Parallel Block": 0.028022050857543945    
  }
}