{
    "cs": {
        "NaivOnArray": 1.0,
        "NaivLoopUnrollingTwo": 2.0,
        "NaivLoopUnrollingFour": 1.739123,
        "WinogradOriginal": 2.3012,
        "WinogradScaled": 3.0009994506835938,
        "StrassenNaiv": 1.0123,
        "StrassenWinograd": 3.0,
        "III.3 Sequential block": 3.91203,
        "III.4 Parallel Block": 3.212,
        "III.5 Enhanced Parallel Block": 1.0029947757720947,
        "IV.3 Sequential block": 2.03123,
        "IV.4 Parallel Block": 3.003999948501587,
        "IV.5 Enhanced Parallel Block": 4.0031023,
        "V.3 Sequential block": 2.0123,
        "V.4 Parallel Block": 2.3009942054748533
    },
    "py": {
        "NaivOnArray": 0.03603863716125488,
        "NaivLoopUnrollingTwo": 0.024534225463867188,
        "NaivLoopUnrollingFour": 0.02109384536743164,
        "WinogradOriginal": 0.023020029067993164,
        "WinogradScaled": 0.02553725242614746,
        "StrassenNaiv": 0.03603553771972656,
        "StrassenWinograd": 1.9032199382781982,
        "III.3 Sequential block": 1.5911812782287598,
        "III.4 Parallel Block": 3.212,
        "III.5 Enhanced Parallel Block": 1.6820414066314697,
        "IV.3 Sequential block": 2.3413123,
        "IV.4 Parallel Block": 1.5984857082366943,
        "IV.5 Enhanced Parallel Block": 1.5878803730010986,
        "V.3 Sequential block": 1.6723253726959229,
        "V.4 Parallel Block": 1.8439922332763672,
        "IV.3 Sequential Block": 0.02705073356628418,
        "III.4 Parallel block": 1.6684575080871582
    }
}