{
    "cs": {
        "NaivOnArray": 1.0,
        "NaivLoopUnrollingTwo": 2.0,
        "NaivLoopUnrollingFour": 1.739123,
        "WinogradOriginal": 2.3012,
        "WinogradScaled": 3.0009994506835938,
        "StrassenNaiv": 1.0123,
        "StrassenWinograd": 3.0,
        "III.3 Sequential block": 3.91203,
        "III.4 Parallel Block": 3.212,
        "III.5 Enhanced Parallel Block": 1.0029947757720947,
        "IV.3 Sequential block": 2.03123,
        "IV.4 Parallel Block": 3.003999948501587,
        "IV.5 Enhanced Parallel Block": 4.0031023,
        "V.3 Sequential block": 2.0123,
        "V.4 Parallel Block": 2.3009942054748533
    },
    "py": {
        "NaivOnArray": 19.702802658081055,
        "NaivLoopUnrollingTwo": 13.33518123626709,
        "NaivLoopUnrollingFour": 12.421964406967163,
        "WinogradOriginal": 13.62860894203186,
        "WinogradScaled": 13.558761358261108,
        "StrassenNaiv": 13.29051685333252,
        "StrassenWinograd": 0.03652596473693848,
        "III.3 Sequential block": 0.025012969970703125,
        "III.4 Parallel Block": 3.212,
        "III.5 Enhanced Parallel Block": 0.027017593383789062,
        "IV.3 Sequential block": 2.3413123,
        "IV.4 Parallel Block": 0.027016878128051758,
        "IV.5 Enhanced Parallel Block": 0.02601909637451172,
        "V.3 Sequential block": 0.02502131462097168,
        "V.4 Parallel Block": 0.027527332305908203,
        "IV.3 Sequential Block": 0.024016380310058594,
        "III.4 Parallel block": 0.027539730072021484
    }
}