{
  "cs": {
    "NaivOnArray": 0.5619217,
    "NaivLoopUnrollingTwo": 0.34862,
    "NaivLoopUnrollingFour": 0.3262531,
    "WinogradOriginal": 0.3582244,
    "WinogradScaled": 0.3536984,
    "StrassenNaiv": 0.4363947,
    "StrassenWinograd": 0.6255435,
    "III.3 Sequential block": 0.6287675,
    "III.4 Parallel Block": 0.148334,
    "III.5 Enhanced Parallel Block": 1.0029947757720947,
    "IV.3 Sequential block": 2.03123,
    "IV.4 Parallel Block": 3.003999948501587,
    "IV.5 Enhanced Parallel Block": 4.0031023,
    "V.3 Sequential block": 2.0123,
    "V.4 Parallel Block": 2.3009942054748533
  },
  "py": {
    "NaivOnArray": 19.702802658081055,
    "NaivLoopUnrollingTwo": 13.33518123626709,
    "NaivLoopUnrollingFour": 12.421964406967163,
    "WinogradOriginal": 13.62860894203186,
    "WinogradScaled": 13.558761358261108,
    "StrassenNaiv": 13.29051685333252,
    "StrassenWinograd": 13.193074703216553,
    "III.3 Sequential block": 13.028892993927002,
    "III.4 Parallel Block": 3.212,
    "III.5 Enhanced Parallel Block": 14.168968915939331,
    "IV.3 Sequential block": 2.3413123,
    "IV.4 Parallel Block": 13.830487966537476,
    "IV.5 Enhanced Parallel Block": 13.72178864479065,
    "V.3 Sequential block": 13.911941528320312,
    "V.4 Parallel Block": 14.886938095092773,
    "IV.3 Sequential Block": 13.326443433761597,
    "III.4 Parallel block": 14.094146966934204
  }
}