{
    "cs": {
        "NaivOnArray": 1.0,
        "NaivLoopUnrollingTwo": 2.0,
        "NaivLoopUnrollingFour": 1.739123,
        "WinogradOriginal": 2.3012,
        "WinogradScaled": 3.0009994506835938,
        "StrassenNaiv": 1.0123,
        "StrassenWinograd": 3.0,
        "III.3 Sequential block": 3.91203,
        "III.4 Parallel Block": 3.212,
        "III.5 Enhanced Parallel Block": 1.0029947757720947,
        "IV.3 Sequential block": 2.03123,
        "IV.4 Parallel Block": 3.003999948501587,
        "IV.5 Enhanced Parallel Block": 4.0031023,
        "V.3 Sequential block": 2.0123,
        "V.4 Parallel Block": 2.3009942054748533
    },
    "py": {
        "NaivOnArray": 0.03603863716125488,
        "NaivLoopUnrollingTwo": 0.024534225463867188,
        "NaivLoopUnrollingFour": 0.02109384536743164,
        "WinogradOriginal": 0.023020029067993164,
        "WinogradScaled": 0.02553725242614746,
        "StrassenNaiv": 0.03603553771972656,
        "StrassenWinograd": 0.03560519218444824,
        "III.3 Sequential block": 0.0240325927734375,
        "III.4 Parallel Block": 3.212,
        "III.5 Enhanced Parallel Block": 0.026535987854003906,
        "IV.3 Sequential block": 2.3413123,
        "IV.4 Parallel Block": 0.02753925323486328,
        "IV.5 Enhanced Parallel Block": 0.02655935287475586,
        "V.3 Sequential block": 0.02558112144470215,
        "V.4 Parallel Block": 1.8439922332763672,
        "IV.3 Sequential Block": 0.02705073356628418,
        "III.4 Parallel block": 0.02652764320373535
    }
}