{
    "cs": {
        "NaivOnArray": 1.0,
        "NaivLoopUnrollingTwo": 2.0,
        "NaivLoopUnrollingFour": 1.739123,
        "WinogradOriginal": 2.3012,
        "WinogradScaled": 3.0009994506835938,
        "StrassenNaiv": 1.0123,
        "StrassenWinograd": 3.0,
        "III.3 Sequential block": 3.91203,
        "III.4 Parallel Block": 3.212,
        "III.5 Enhanced Parallel Block": 1.0029947757720947,
        "IV.3 Sequential block": 2.03123,
        "IV.4 Parallel Block": 3.003999948501587,
        "IV.5 Enhanced Parallel Block": 4.0031023,
        "V.3 Sequential block": 2.0123,
        "V.4 Parallel Block": 2.3009942054748533
    },
    "py": {
        "NaivOnArray": 0.2962684631347656,
        "NaivLoopUnrollingTwo": 0.19024372100830078,
        "NaivLoopUnrollingFour": 0.17064595222473145,
        "WinogradOriginal": 0.19220185279846191,
        "WinogradScaled": 0.20320487022399902,
        "StrassenNaiv": 0.26076292991638184,
        "StrassenWinograd": 0.2612619400024414,
        "III.3 Sequential block": 0.19822406768798828,
        "III.4 Parallel Block": 3.212,
        "III.5 Enhanced Parallel Block": 14.899112939834595,
        "IV.3 Sequential block": 2.3413123,
        "IV.4 Parallel Block": 14.399973154067993,
        "IV.5 Enhanced Parallel Block": 13.835975408554077,
        "V.3 Sequential block": 14.030768632888794,
        "V.4 Parallel Block": 15.223195314407349,
        "IV.3 Sequential Block": 0.19128036499023438,
        "III.4 Parallel block": 15.016412258148193
    }
}