{
  "cs": {
    "NaivOnArray": 0.0588433,
    "NaivLoopUnrollingTwo": 0.0412992,
    "NaivLoopUnrollingFour": 0.0380689,
    "WinogradOriginal": 0.0413513,
    "WinogradScaled": 0.0443065,
    "StrassenNaiv": 0.06612,
    "StrassenWinograd": 0.0835024,
    "III.3 Sequential block": 0.0774383,
    "III.4 Parallel Block": 0.0221632,
    "III.5 Enhanced Parallel Block": 0.0187068,
    "IV.3 Sequential block": 0.079525,
    "IV.4 Parallel Block": 0.0216022,
    "IV.5 Enhanced Parallel Block": 0.0223698,
    "V.3 Sequential block": 0.0817576,
    "V.4 Parallel Block": 0.0242697
  },
  "py": {
    "NaivOnArray": 2.300427198410034,
    "NaivLoopUnrollingTwo": 1.5344820022583008,
    "NaivLoopUnrollingFour": 1.3862740993499756,
    "WinogradOriginal": 1.4869790077209473,
    "WinogradScaled": 1.8574614524841309,
    "StrassenNaiv": 1.867569923400879,
    "StrassenWinograd": 1.8512628078460693,
    "III.3 Sequential block": 1.5064866542816162,
    "III.4 Parallel Block": 3.212,
    "III.5 Enhanced Parallel Block": 1.6792171001434326,
    "IV.3 Sequential block": 2.3413123,
    "IV.4 Parallel Block": 1.5710763931274414,
    "IV.5 Enhanced Parallel Block": 1.5912103652954102,
    "V.3 Sequential block": 1.616063117980957,
    "V.4 Parallel Block": 1.698133945465088,
    "IV.3 Sequential Block": 1.5316956043243408,
    "III.4 Parallel block": 1.6284782886505127
  }
}