{
    "cs": {
        "NaivOnArray": 1.0,
        "NaivLoopUnrollingTwo": 2.0,
        "NaivLoopUnrollingFour": 1.739123,
        "WinogradOriginal": 2.3012,
        "WinogradScaled": 3.0009994506835938,
        "StrassenNaiv": 1.0123,
        "StrassenWinograd": 3.0,
        "III.3 Sequential block": 3.91203,
        "III.4 Parallel Block": 3.212,
        "III.5 Enhanced Parallel Block": 1.0029947757720947,
        "IV.3 Sequential block": 2.03123,
        "IV.4 Parallel Block": 3.003999948501587,
        "IV.5 Enhanced Parallel Block": 4.0031023,
        "V.3 Sequential block": 2.0123,
        "V.4 Parallel Block": 2.3009942054748533
    },
    "py": {
        "NaivOnArray": 0.0,
        "NaivLoopUnrollingTwo": 0.024027347564697266,
        "NaivLoopUnrollingFour": 0.021543264389038086,
        "WinogradOriginal": 0.02501988410949707,
        "WinogradScaled": 0.02654099464416504,
        "StrassenNaiv": 0.03856658935546875,
        "StrassenWinograd": 0.03854823112487793,
        "III.3 Sequential block": 0.025026798248291016,
        "III.4 Parallel Block": 3.212,
        "III.5 Enhanced Parallel Block": 0.02854180335998535,
        "IV.3 Sequential block": 2.3413123,
        "IV.4 Parallel Block": 0.026538848876953125,
        "IV.5 Enhanced Parallel Block": 0.027540922164916992,
        "V.3 Sequential block": 0.025541067123413086,
        "V.4 Parallel Block": 0.02802443504333496,
        "IV.3 Sequential Block": 0.025025606155395508,
        "III.4 Parallel block": 0.032534122467041016
    }
}