{
    "cs": {
        "NaivOnArray": 1.0,
        "NaivLoopUnrollingTwo": 2.0,
        "NaivLoopUnrollingFour": 1.739123,
        "WinogradOriginal": 2.3012,
        "WinogradScaled": 3.0009994506835938,
        "StrassenNaiv": 1.0123,
        "StrassenWinograd": 3.0,
        "III.3 Sequential block": 3.91203,
        "III.4 Parallel Block": 3.212,
        "III.5 Enhanced Parallel Block": 1.0029947757720947,
        "IV.3 Sequential block": 2.03123,
        "IV.4 Parallel Block": 3.003999948501587,
        "IV.5 Enhanced Parallel Block": 4.0031023,
        "V.3 Sequential block": 2.0123,
        "V.4 Parallel Block": 2.3009942054748533
    },
    "py": {
        "NaivOnArray": 178.35186958312988,
        "NaivLoopUnrollingTwo": 126.65997195243835,
        "NaivLoopUnrollingFour": 119.07999277114868,
        "WinogradOriginal": 147.5673861503601,
        "WinogradScaled": 136.9718656539917,
        "StrassenNaiv": 95.37078094482422,
        "StrassenWinograd": 95.04868960380554,
        "III.3 Sequential block": 0.19368577003479004,
        "III.4 Parallel Block": 3.212,
        "III.5 Enhanced Parallel Block": 0.2032167911529541,
        "IV.3 Sequential block": 2.3413123,
        "IV.4 Parallel Block": 0.2025139331817627,
        "IV.5 Enhanced Parallel Block": 0.20273542404174805,
        "V.3 Sequential block": 0.1947023868560791,
        "V.4 Parallel Block": 0.21272063255310059,
        "IV.3 Sequential Block": 111.49877619743347,
        "III.4 Parallel block": 0.20170903205871582
    }
}