{
  "cs": {
    "NaivOnArray": 0.0001339,
    "NaivLoopUnrollingTwo": 0.0001091,
    "NaivLoopUnrollingFour": 8.96E-05,
    "WinogradOriginal": 9.65E-05,
    "WinogradScaled": 0.0001158,
    "StrassenNaiv": 0.0001817,
    "StrassenWinograd": 0.0002845,
    "III.3 Sequential block": 0.0001994,
    "III.4 Parallel Block": 0.0003976,
    "III.5 Enhanced Parallel Block": 0.0003833,
    "IV.3 Sequential block": 0.0001977,
    "IV.4 Parallel Block": 0.0004152,
    "IV.5 Enhanced Parallel Block": 0.0001293,
    "V.3 Sequential block": 0.0002001,
    "V.4 Parallel Block": 2.3009942054748533
  },
  "py": {
    "NaivOnArray": 0.0045087337493896484,
    "NaivLoopUnrollingTwo": 0.0035042762756347656,
    "NaivLoopUnrollingFour": 0.0030062198638916016,
    "WinogradOriginal": 0.0030007362365722656,
    "WinogradScaled": 0.003999233245849609,
    "StrassenNaiv": 0.005002021789550781,
    "StrassenWinograd": 0.005509138107299805,
    "III.3 Sequential block": 0.0035173892974853516,
    "III.4 Parallel Block": 3.212,
    "III.5 Enhanced Parallel Block": 0.005001544952392578,
    "IV.3 Sequential block": 2.3413123,
    "IV.4 Parallel Block": 0.0045299530029296875,
    "IV.5 Enhanced Parallel Block": 0.005003929138183594,
    "V.3 Sequential block": 0.0040035247802734375,
    "V.4 Parallel Block": 0.004512786865234375,
    "IV.3 Sequential Block": 0.0030498504638671875,
    "III.4 Parallel block": 0.0049991607666015625
  }
}