{
  "cs": {
    "NaivOnArray": 0.0588433,
    "NaivLoopUnrollingTwo": 0.0412992,
    "NaivLoopUnrollingFour": 0.0380689,
    "WinogradOriginal": 2.3012,
    "WinogradScaled": 3.0009994506835938,
    "StrassenNaiv": 1.0123,
    "StrassenWinograd": 3.0,
    "III.3 Sequential block": 3.91203,
    "III.4 Parallel Block": 3.212,
    "III.5 Enhanced Parallel Block": 1.0029947757720947,
    "IV.3 Sequential block": 2.03123,
    "IV.4 Parallel Block": 3.003999948501587,
    "IV.5 Enhanced Parallel Block": 4.0031023,
    "V.3 Sequential block": 2.0123,
    "V.4 Parallel Block": 2.3009942054748533
  },
  "py": {
    "NaivOnArray": 2.300427198410034,
    "NaivLoopUnrollingTwo": 1.5344820022583008,
    "NaivLoopUnrollingFour": 1.3862740993499756,
    "WinogradOriginal": 1.4869790077209473,
    "WinogradScaled": 1.8574614524841309,
    "StrassenNaiv": 1.867569923400879,
    "StrassenWinograd": 1.8512628078460693,
    "III.3 Sequential block": 1.5064866542816162,
    "III.4 Parallel Block": 3.212,
    "III.5 Enhanced Parallel Block": 1.6792171001434326,
    "IV.3 Sequential block": 2.3413123,
    "IV.4 Parallel Block": 1.5710763931274414,
    "IV.5 Enhanced Parallel Block": 1.5912103652954102,
    "V.3 Sequential block": 1.616063117980957,
    "V.4 Parallel Block": 1.698133945465088,
    "IV.3 Sequential Block": 1.5316956043243408,
    "III.4 Parallel block": 1.6284782886505127
  }
}