{
    "cs": {
        "NaivOnArray": 1.0,
        "NaivLoopUnrollingTwo": 2.0,
        "NaivLoopUnrollingFour": 1.739123,
        "WinogradOriginal": 2.3012,
        "WinogradScaled": 3.0009994506835938,
        "StrassenNaiv": 1.0123,
        "StrassenWinograd": 3.0,
        "III.3 Sequential block": 3.91203,
        "III.4 Parallel Block": 3.212,
        "III.5 Enhanced Parallel Block": 1.0029947757720947,
        "IV.3 Sequential block": 2.03123,
        "IV.4 Parallel Block": 3.003999948501587,
        "IV.5 Enhanced Parallel Block": 4.0031023,
        "V.3 Sequential block": 2.0123,
        "V.4 Parallel Block": 2.3009942054748533
    },
    "py": {
        "NaivOnArray": 2.300427198410034,
        "NaivLoopUnrollingTwo": 1.5344820022583008,
        "NaivLoopUnrollingFour": 116.4789297580719,
        "WinogradOriginal": 147.39894843101501,
        "WinogradScaled": 148.63152742385864,
        "StrassenNaiv": 99.04811263084412,
        "StrassenWinograd": 96.49871706962585,
        "III.3 Sequential block": 111.83321738243103,
        "III.4 Parallel Block": 3.212,
        "III.5 Enhanced Parallel Block": 122.2023754119873,
        "IV.3 Sequential block": 2.3413123,
        "IV.4 Parallel Block": 117.0147454738617,
        "IV.5 Enhanced Parallel Block": 114.48698902130127,
        "V.3 Sequential block": 134.12566900253296,
        "V.4 Parallel Block": 145.50628113746643,
        "IV.3 Sequential Block": 108.53351545333862,
        "III.4 Parallel block": 121.26757454872131
    }
}