{
  "cs": {
    "NaivOnArray": 68.2306271,
    "NaivLoopUnrollingTwo": 53.7837647,
    "NaivLoopUnrollingFour": 51.6148246,
    "WinogradOriginal": 51.8633131,
    "WinogradScaled": 50.5046002,
    "StrassenNaiv": 21.5321593,
    "StrassenWinograd": 41.0070675,
    "III.3 Sequential block": 52.9926655,
    "III.4 Parallel Block": 11.7801895,
    "III.5 Enhanced Parallel Block": 15.5174712,
    "IV.3 Sequential block": 56.9866511,
    "IV.4 Parallel Block": 11.7720201,
    "IV.5 Enhanced Parallel Block": 0.0028479,
    "V.3 Sequential block": 87.8184332,
    "V.4 Parallel Block": 2.3009942054748533
  },
  "py": {
    "NaivOnArray": 1498.4490768909454,
    "NaivLoopUnrollingTwo": 1087.2003877162933,
    "NaivLoopUnrollingFour": 1001.7046129703522,
    "WinogradOriginal": 1259.9026889801025,
    "WinogradScaled": 1217.836579322815,
    "StrassenNaiv": 700.6706519126892,
    "StrassenWinograd": 721.3205523490906,
    "III.3 Sequential block": 996.1433520317078,
    "III.4 Parallel Block": 3.212,
    "III.5 Enhanced Parallel Block": 1128.43696808815,
    "IV.3 Sequential block": 2.3413123,
    "IV.4 Parallel Block": 961.5552296638489,
    "IV.5 Enhanced Parallel Block": 945.0863738059998,
    "V.3 Sequential block": 1328.5119416713715,
    "V.4 Parallel Block": 1409.9446969032288,
    "IV.3 Sequential Block": 910.1734325885773,
    "III.4 Parallel block": 1121.917519569397
  }
}